drug,indications,label_evidence,source,source_url,source_section,source_ref
amiodarone,ventricular_arrhythmia,Indicated for recurrent ventricular fibrillation and recurrent hemodynamically unstable ventricular tachycardia.,DailyMed,https://dailymed.nlm.nih.gov/dailymed/lookup.cfm?setid=4c149392-a4f0-4e2d-a13f-2b94810005de,1 INDICATIONS AND USAGE,turn2search0
digoxin,heart_failure;atrial_fibrillation,Indicated for mild-to-moderate heart failure in adults and for control of resting ventricular rate in chronic atrial fibrillation.,DailyMed,https://dailymed.nlm.nih.gov/dailymed/lookup.cfm?setid=51925501-ab5b-4e12-a67e-ec2b4b592e83,1 INDICATIONS AND USAGE,turn3search11
warfarin,atrial_fibrillation;venous_thromboembolism,Indicated for prophylaxis/treatment of venous thrombosis and pulmonary embolism and for thromboembolic complications associated with atrial fibrillation or cardiac valve replacement.,DailyMed,https://dailymed.nlm.nih.gov/dailymed/drugInfo.cfm?setid=2fb8b8d5-f643-4069-8e47-5eae31a8fbc8,1 INDICATIONS AND USAGE,turn2search16
atorvastatin,hyperlipidemia;coronary_heart_disease_risk,Indicated to reduce LDL-C in primary hyperlipidemia and to reduce cardiovascular events in specified adults with coronary heart disease risk.,DailyMed,https://www.dailymed.nlm.nih.gov/dailymed/drugInfo.cfm?setid=aaf960d1-8bf9-64c6-1e70-8aa33b0ce549,1 INDICATIONS AND USAGE,turn3search12
lisinopril,hypertension;heart_failure;acute_myocardial_infarction,"Indicated for hypertension, adjunct therapy for heart failure, and treatment of acute myocardial infarction in hemodynamically stable patients.",DailyMed,https://dailymed.nlm.nih.gov/dailymed/lookup.cfm?setid=b8a2a160-0287-41dc-a717-c7fcde7e091f,1 INDICATIONS AND USAGE,turn4search9
amlodipine,hypertension;coronary_artery_disease,Indicated for hypertension and coronary artery disease including chronic stable and vasospastic angina.,DailyMed,https://dailymed.nlm.nih.gov/dailymed/lookup.cfm?setid=f2b8274b-d849-6793-e053-2a95a90aa0e8,1 INDICATIONS AND USAGE,turn3search17
metformin,type2_diabetes,Indicated as an adjunct to diet and exercise to improve glycemic control in adults and pediatric patients 10 years and older with type 2 diabetes mellitus.,DailyMed,https://dailymed.nlm.nih.gov/dailymed/lookup.cfm?setid=5aa1c86c-f2c8-49b1-8f81-47b11386c5d3,1 INDICATIONS AND USAGE,turn6search3
omeprazole,gastroesophageal_reflux_disease;duodenal_ulcer;gastric_ulcer,"Indicated for treatment of duodenal and gastric ulcers and symptomatic gastroesophageal reflux disease, among other acid-related conditions.",DailyMed,https://dailymed.nlm.nih.gov/dailymed/lookup.cfm?setid=e235ef89-3592-4ca1-8c13-d7ce84b1001c,1 INDICATIONS AND USAGE,turn4search3
carvedilol,heart_failure;hypertension;post_mi_lv_dysfunction,"Indicated for mild-to-severe chronic heart failure, left ventricular dysfunction following myocardial infarction, and hypertension.",DailyMed,https://dailymed.nlm.nih.gov/dailymed/drugInfo.cfm?setid=39cf31cc-8f3d-4919-a93a-f997ad6850dc,1 INDICATIONS AND USAGE,turn7search10
furosemide,heart_failure_edema;hypertension,Indicated for edema associated with congestive heart failure and for hypertension in adults.,DailyMed,https://dailymed.nlm.nih.gov/dailymed/drugInfo.cfm?setid=1d99e151-75ba-6a75-e063-6294a90a4360,1 INDICATIONS AND USAGE,turn7search11
